,value,pnl,volume,trades
value,1.0,0.06596485243082084,-0.0577315526562589,-0.037889743956801544
pnl,0.06596485243082084,1.0,0.3963930097259065,0.41023552002892033
volume,-0.0577315526562589,0.3963930097259065,1.0,0.6659648642877247
trades,-0.037889743956801544,0.41023552002892033,0.6659648642877247,1.0
